[{"fields": {"town": "", "post_code": "", "country": null, "county": null, "address_1": "", "address_2": "", "address_3": ""}, "model": "company.address", "pk": 265}, {"fields": {"town": "", "post_code": "", "country": null, "county": null, "address_1": "", "address_2": "", "address_3": ""}, "model": "company.address", "pk": 266}, {"fields": {"town": "", "post_code": "", "country": null, "county": null, "address_1": "", "address_2": "", "address_3": ""}, "model": "company.address", "pk": 267}, {"fields": {"town": "", "post_code": "", "country": null, "county": null, "address_1": "", "address_2": "", "address_3": ""}, "model": "company.address", "pk": 268}, {"fields": {"town": "", "post_code": "", "country": null, "county": null, "address_1": "", "address_2": "", "address_3": ""}, "model": "company.address", "pk": 269}, {"fields": {"town": "", "post_code": "", "country": null, "county": null, "address_1": "", "address_2": "", "address_3": ""}, "model": "company.address", "pk": 270}, {"fields": {"town": "", "post_code": "", "country": null, "county": null, "address_1": "", "address_2": "", "address_3": ""}, "model": "company.address", "pk": 271}, {"fields": {"town": "", "post_code": "", "country": null, "county": null, "address_1": "", "address_2": "", "address_3": ""}, "model": "company.address", "pk": 272}, {"fields": {"town": "", "post_code": "", "country": null, "county": null, "address_1": "Farnborough Airport", "address_2": "", "address_3": ""}, "model": "company.address", "pk": 273}, {"fields": {"town": "", "post_code": "", "country": null, "county": null, "address_1": "", "address_2": "", "address_3": ""}, "model": "company.address", "pk": 274}, {"fields": {"town": "", "post_code": "", "country": null, "county": null, "address_1": "", "address_2": "", "address_3": ""}, "model": "company.address", "pk": 275}, {"fields": {"town": "", "post_code": "", "country": null, "county": null, "address_1": "", "address_2": "", "address_3": ""}, "model": "company.address", "pk": 276}, {"fields": {"town": "", "post_code": "", "country": null, "county": null, "address_1": "", "address_2": "", "address_3": ""}, "model": "company.address", "pk": 277}, {"fields": {"town": "", "post_code": "", "country": null, "county": null, "address_1": "", "address_2": "", "address_3": ""}, "model": "company.address", "pk": 278}, {"fields": {"town": "", "post_code": "", "country": null, "county": null, "address_1": "", "address_2": "", "address_3": ""}, "model": "company.address", "pk": 279}, {"fields": {"town": "", "post_code": "", "country": null, "county": null, "address_1": "", "address_2": "", "address_3": ""}, "model": "company.address", "pk": 280}, {"fields": {"town": "", "post_code": "", "country": null, "county": null, "address_1": "Chichester College", "address_2": "", "address_3": ""}, "model": "company.address", "pk": 281}, {"fields": {"town": "", "post_code": "", "country": null, "county": null, "address_1": "", "address_2": "", "address_3": ""}, "model": "company.address", "pk": 282}, {"fields": {"town": "", "post_code": "", "country": null, "county": null, "address_1": "", "address_2": "", "address_3": ""}, "model": "company.address", "pk": 283}, {"fields": {"town": "", "post_code": "", "country": null, "county": null, "address_1": "", "address_2": "", "address_3": ""}, "model": "company.address", "pk": 284}, {"fields": {"town": "", "post_code": "", "country": null, "county": null, "address_1": "", "address_2": "", "address_3": ""}, "model": "company.address", "pk": 285}, {"fields": {"town": "", "post_code": "", "country": null, "county": null, "address_1": "", "address_2": "", "address_3": ""}, "model": "company.address", "pk": 286}, {"fields": {"town": "", "post_code": "", "country": null, "county": null, "address_1": "", "address_2": "", "address_3": ""}, "model": "company.address", "pk": 287}, {"fields": {"town": "", "post_code": "", "country": null, "county": null, "address_1": "", "address_2": "", "address_3": ""}, "model": "company.address", "pk": 288}, {"fields": {"town": "", "post_code": "", "country": null, "county": null, "address_1": "", "address_2": "", "address_3": ""}, "model": "company.address", "pk": 289}, {"fields": {"town": "", "post_code": "", "country": null, "county": null, "address_1": "", "address_2": "", "address_3": ""}, "model": "company.address", "pk": 290}, {"fields": {"town": "", "post_code": "", "country": null, "county": null, "address_1": "", "address_2": "", "address_3": ""}, "model": "company.address", "pk": 291}, {"fields": {"town": "", "post_code": "", "country": null, "county": null, "address_1": "", "address_2": "", "address_3": ""}, "model": "company.address", "pk": 292}, {"fields": {"town": "", "post_code": "", "country": null, "county": null, "address_1": "", "address_2": "", "address_3": ""}, "model": "company.address", "pk": 293}, {"fields": {"town": "", "post_code": "", "country": null, "county": null, "address_1": "", "address_2": "", "address_3": ""}, "model": "company.address", "pk": 294}, {"fields": {"town": "", "post_code": "", "country": null, "county": null, "address_1": "", "address_2": "", "address_3": ""}, "model": "company.address", "pk": 295}, {"fields": {"town": "", "post_code": "", "country": null, "county": null, "address_1": "", "address_2": "", "address_3": ""}, "model": "company.address", "pk": 296}, {"fields": {"town": "", "post_code": "", "country": null, "county": null, "address_1": "", "address_2": "", "address_3": ""}, "model": "company.address", "pk": 297}, {"fields": {"town": "", "post_code": "", "country": null, "county": null, "address_1": "", "address_2": "", "address_3": ""}, "model": "company.address", "pk": 298}, {"fields": {"town": "", "post_code": "", "country": null, "county": null, "address_1": "", "address_2": "", "address_3": ""}, "model": "company.address", "pk": 299}, {"fields": {"town": "", "post_code": "", "country": null, "county": null, "address_1": "", "address_2": "", "address_3": ""}, "model": "company.address", "pk": 300}, {"fields": {"town": "", "post_code": "", "country": null, "county": null, "address_1": "", "address_2": "", "address_3": ""}, "model": "company.address", "pk": 301}, {"fields": {"town": "", "post_code": "", "country": null, "county": null, "address_1": "", "address_2": "", "address_3": ""}, "model": "company.address", "pk": 302}, {"fields": {"town": "", "post_code": "", "country": null, "county": null, "address_1": "", "address_2": "", "address_3": ""}, "model": "company.address", "pk": 303}, {"fields": {"town": "", "post_code": "", "country": null, "county": null, "address_1": "", "address_2": "", "address_3": ""}, "model": "company.address", "pk": 304}, {"fields": {"town": "", "post_code": "", "country": null, "county": null, "address_1": "", "address_2": "", "address_3": ""}, "model": "company.address", "pk": 305}, {"fields": {"town": "", "post_code": "", "country": null, "county": null, "address_1": "", "address_2": "", "address_3": ""}, "model": "company.address", "pk": 306}, {"fields": {"town": "", "post_code": "", "country": null, "county": null, "address_1": "", "address_2": "", "address_3": ""}, "model": "company.address", "pk": 307}, {"fields": {"town": "", "post_code": "", "country": null, "county": null, "address_1": "", "address_2": "", "address_3": ""}, "model": "company.address", "pk": 308}, {"fields": {"town": "", "post_code": "", "country": null, "county": null, "address_1": "", "address_2": "", "address_3": ""}, "model": "company.address", "pk": 309}, {"fields": {"town": "", "post_code": "", "country": null, "county": null, "address_1": "", "address_2": "", "address_3": ""}, "model": "company.address", "pk": 310}, {"fields": {"town": "", "post_code": "", "country": null, "county": null, "address_1": "", "address_2": "", "address_3": ""}, "model": "company.address", "pk": 311}, {"fields": {"town": "", "post_code": "", "country": null, "county": null, "address_1": "", "address_2": "", "address_3": ""}, "model": "company.address", "pk": 312}, {"fields": {"town": "", "post_code": "", "country": null, "county": null, "address_1": "", "address_2": "", "address_3": ""}, "model": "company.address", "pk": 313}, {"fields": {"town": "", "post_code": "", "country": null, "county": null, "address_1": "", "address_2": "", "address_3": ""}, "model": "company.address", "pk": 314}, {"fields": {"town": "", "post_code": "", "country": null, "county": null, "address_1": "", "address_2": "", "address_3": ""}, "model": "company.address", "pk": 315}, {"fields": {"town": "", "post_code": "", "country": null, "county": null, "address_1": "", "address_2": "", "address_3": ""}, "model": "company.address", "pk": 316}, {"fields": {"town": "", "post_code": "", "country": null, "county": null, "address_1": "", "address_2": "", "address_3": ""}, "model": "company.address", "pk": 317}, {"fields": {"town": "", "post_code": "", "country": null, "county": null, "address_1": "", "address_2": "", "address_3": ""}, "model": "company.address", "pk": 318}, {"fields": {"town": "", "post_code": "", "country": null, "county": null, "address_1": "", "address_2": "", "address_3": ""}, "model": "company.address", "pk": 319}, {"fields": {"town": "", "post_code": "", "country": null, "county": null, "address_1": "", "address_2": "", "address_3": ""}, "model": "company.address", "pk": 320}, {"fields": {"town": "", "post_code": "", "country": null, "county": null, "address_1": "", "address_2": "", "address_3": ""}, "model": "company.address", "pk": 321}, {"fields": {"town": "", "post_code": "", "country": null, "county": null, "address_1": "", "address_2": "", "address_3": ""}, "model": "company.address", "pk": 322}, {"fields": {"town": "", "post_code": "", "country": null, "county": null, "address_1": "Bristol", "address_2": "", "address_3": ""}, "model": "company.address", "pk": 323}, {"fields": {"town": "", "post_code": "", "country": null, "county": null, "address_1": "Bath", "address_2": "", "address_3": ""}, "model": "company.address", "pk": 324}, {"fields": {"town": "", "post_code": "", "country": null, "county": null, "address_1": "Cardiff", "address_2": "", "address_3": ""}, "model": "company.address", "pk": 325}, {"fields": {"town": "", "post_code": "", "country": null, "county": null, "address_1": "Exeter", "address_2": "", "address_3": ""}, "model": "company.address", "pk": 326}, {"fields": {"town": "", "post_code": "", "country": null, "county": null, "address_1": "Leicester", "address_2": "", "address_3": ""}, "model": "company.address", "pk": 327}, {"fields": {"town": "", "post_code": "", "country": null, "county": null, "address_1": "Salisbury", "address_2": "", "address_3": ""}, "model": "company.address", "pk": 328}, {"fields": {"town": "", "post_code": "", "country": null, "county": null, "address_1": "Stanford", "address_2": "", "address_3": ""}, "model": "company.address", "pk": 329}, {"fields": {"town": "", "post_code": "", "country": null, "county": null, "address_1": "Taunton", "address_2": "", "address_3": ""}, "model": "company.address", "pk": 330}, {"fields": {"town": "", "post_code": "", "country": null, "county": null, "address_1": "", "address_2": "", "address_3": ""}, "model": "company.address", "pk": 331}, {"fields": {"town": "", "post_code": "", "country": null, "county": null, "address_1": "", "address_2": "", "address_3": ""}, "model": "company.address", "pk": 332}, {"fields": {"town": "", "post_code": "", "country": null, "county": null, "address_1": "", "address_2": "", "address_3": ""}, "model": "company.address", "pk": 333}, {"fields": {"town": "", "post_code": "", "country": null, "county": null, "address_1": "", "address_2": "", "address_3": ""}, "model": "company.address", "pk": 334}, {"fields": {"town": "", "post_code": "", "country": null, "county": null, "address_1": "", "address_2": "", "address_3": ""}, "model": "company.address", "pk": 335}, {"fields": {"town": "", "post_code": "", "country": null, "county": null, "address_1": "", "address_2": "", "address_3": ""}, "model": "company.address", "pk": 336}, {"fields": {"town": "", "post_code": "", "country": null, "county": null, "address_1": "", "address_2": "", "address_3": ""}, "model": "company.address", "pk": 337}, {"fields": {"town": "", "post_code": "", "country": null, "county": null, "address_1": "", "address_2": "", "address_3": ""}, "model": "company.address", "pk": 338}, {"fields": {"town": "", "post_code": "", "country": null, "county": null, "address_1": "", "address_2": "", "address_3": ""}, "model": "company.address", "pk": 339}, {"fields": {"town": "", "post_code": "", "country": null, "county": null, "address_1": "", "address_2": "", "address_3": ""}, "model": "company.address", "pk": 340}, {"fields": {"town": "", "post_code": "", "country": null, "county": null, "address_1": "", "address_2": "", "address_3": ""}, "model": "company.address", "pk": 341}, {"fields": {"town": "", "post_code": "", "country": null, "county": null, "address_1": "", "address_2": "", "address_3": ""}, "model": "company.address", "pk": 342}, {"fields": {"town": "", "post_code": "", "country": null, "county": null, "address_1": "", "address_2": "", "address_3": ""}, "model": "company.address", "pk": 343}, {"fields": {"town": "", "post_code": "", "country": null, "county": null, "address_1": "", "address_2": "", "address_3": ""}, "model": "company.address", "pk": 344}, {"fields": {"town": "", "post_code": "", "country": null, "county": null, "address_1": "", "address_2": "", "address_3": ""}, "model": "company.address", "pk": 345}, {"fields": {"town": "", "post_code": "", "country": null, "county": null, "address_1": "", "address_2": "", "address_3": ""}, "model": "company.address", "pk": 346}, {"fields": {"town": "", "post_code": "", "country": null, "county": null, "address_1": "", "address_2": "", "address_3": ""}, "model": "company.address", "pk": 347}, {"fields": {"town": "", "post_code": "", "country": null, "county": null, "address_1": "", "address_2": "", "address_3": ""}, "model": "company.address", "pk": 348}, {"fields": {"town": "", "post_code": "", "country": null, "county": null, "address_1": "", "address_2": "", "address_3": ""}, "model": "company.address", "pk": 349}, {"fields": {"town": "", "post_code": "", "country": null, "county": null, "address_1": "", "address_2": "", "address_3": ""}, "model": "company.address", "pk": 350}, {"fields": {"town": "", "post_code": "", "country": null, "county": null, "address_1": "", "address_2": "", "address_3": ""}, "model": "company.address", "pk": 351}, {"fields": {"town": "", "post_code": "", "country": null, "county": null, "address_1": "", "address_2": "", "address_3": ""}, "model": "company.address", "pk": 352}, {"fields": {"town": "", "post_code": "", "country": null, "county": null, "address_1": "", "address_2": "", "address_3": ""}, "model": "company.address", "pk": 353}, {"fields": {"town": "", "post_code": "", "country": null, "county": null, "address_1": "", "address_2": "", "address_3": ""}, "model": "company.address", "pk": 354}, {"fields": {"town": "", "post_code": "", "country": null, "county": null, "address_1": "", "address_2": "", "address_3": ""}, "model": "company.address", "pk": 355}, {"fields": {"town": "", "post_code": "", "country": null, "county": null, "address_1": "", "address_2": "", "address_3": ""}, "model": "company.address", "pk": 356}, {"fields": {"town": "", "post_code": "", "country": null, "county": null, "address_1": "", "address_2": "", "address_3": ""}, "model": "company.address", "pk": 357}, {"fields": {"town": "", "post_code": "", "country": null, "county": null, "address_1": "", "address_2": "", "address_3": ""}, "model": "company.address", "pk": 358}, {"fields": {"town": "", "post_code": "", "country": null, "county": null, "address_1": "", "address_2": "", "address_3": ""}, "model": "company.address", "pk": 359}, {"fields": {"town": "", "post_code": "", "country": null, "county": null, "address_1": "", "address_2": "", "address_3": ""}, "model": "company.address", "pk": 360}, {"fields": {"town": "", "post_code": "", "country": null, "county": null, "address_1": "", "address_2": "", "address_3": ""}, "model": "company.address", "pk": 361}, {"fields": {"town": "", "post_code": "", "country": null, "county": null, "address_1": "", "address_2": "", "address_3": ""}, "model": "company.address", "pk": 362}, {"fields": {"town": "", "post_code": "", "country": null, "county": null, "address_1": "", "address_2": "", "address_3": ""}, "model": "company.address", "pk": 363}, {"fields": {"town": "", "post_code": "", "country": null, "county": null, "address_1": "", "address_2": "", "address_3": ""}, "model": "company.address", "pk": 364}, {"fields": {"town": "", "post_code": "", "country": null, "county": null, "address_1": "", "address_2": "", "address_3": ""}, "model": "company.address", "pk": 365}, {"fields": {"town": "", "post_code": "", "country": null, "county": null, "address_1": "", "address_2": "", "address_3": ""}, "model": "company.address", "pk": 366}, {"fields": {"town": "", "post_code": "", "country": null, "county": null, "address_1": "", "address_2": "", "address_3": ""}, "model": "company.address", "pk": 367}, {"fields": {"town": "", "post_code": "", "country": null, "county": null, "address_1": "", "address_2": "", "address_3": ""}, "model": "company.address", "pk": 368}, {"fields": {"town": "", "post_code": "", "country": null, "county": null, "address_1": "", "address_2": "", "address_3": ""}, "model": "company.address", "pk": 369}, {"fields": {"town": "", "post_code": "", "country": null, "county": null, "address_1": "", "address_2": "", "address_3": ""}, "model": "company.address", "pk": 370}, {"fields": {"town": "", "post_code": "", "country": null, "county": null, "address_1": "", "address_2": "", "address_3": ""}, "model": "company.address", "pk": 371}, {"fields": {"town": "", "post_code": "", "country": null, "county": null, "address_1": "", "address_2": "", "address_3": ""}, "model": "company.address", "pk": 372}, {"fields": {"town": "", "post_code": "", "country": null, "county": null, "address_1": "", "address_2": "", "address_3": ""}, "model": "company.address", "pk": 373}, {"fields": {"town": "", "post_code": "", "country": null, "county": null, "address_1": "", "address_2": "", "address_3": ""}, "model": "company.address", "pk": 374}, {"fields": {"town": "", "post_code": "", "country": null, "county": null, "address_1": "", "address_2": "", "address_3": ""}, "model": "company.address", "pk": 375}, {"fields": {"town": "", "post_code": "", "country": null, "county": null, "address_1": "", "address_2": "", "address_3": ""}, "model": "company.address", "pk": 376}, {"fields": {"town": "", "post_code": "", "country": null, "county": null, "address_1": "", "address_2": "", "address_3": ""}, "model": "company.address", "pk": 377}, {"fields": {"town": "", "post_code": "", "country": null, "county": null, "address_1": "", "address_2": "", "address_3": ""}, "model": "company.address", "pk": 378}, {"fields": {"town": "", "post_code": "", "country": null, "county": null, "address_1": "", "address_2": "", "address_3": ""}, "model": "company.address", "pk": 379}, {"fields": {"town": "", "post_code": "", "country": null, "county": null, "address_1": "", "address_2": "", "address_3": ""}, "model": "company.address", "pk": 380}, {"fields": {"town": "", "post_code": "", "country": null, "county": null, "address_1": "", "address_2": "", "address_3": ""}, "model": "company.address", "pk": 381}, {"fields": {"town": "", "post_code": "", "country": null, "county": null, "address_1": "", "address_2": "", "address_3": ""}, "model": "company.address", "pk": 382}, {"fields": {"town": "", "post_code": "", "country": null, "county": null, "address_1": "", "address_2": "", "address_3": ""}, "model": "company.address", "pk": 383}, {"fields": {"town": "", "post_code": "", "country": null, "county": null, "address_1": "", "address_2": "", "address_3": ""}, "model": "company.address", "pk": 384}, {"fields": {"town": "", "post_code": "", "country": null, "county": null, "address_1": "", "address_2": "", "address_3": ""}, "model": "company.address", "pk": 385}, {"fields": {"town": "", "post_code": "", "country": null, "county": null, "address_1": "", "address_2": "", "address_3": ""}, "model": "company.address", "pk": 386}, {"fields": {"town": "", "post_code": "", "country": null, "county": null, "address_1": "", "address_2": "", "address_3": ""}, "model": "company.address", "pk": 387}, {"fields": {"town": "", "post_code": "", "country": null, "county": null, "address_1": "", "address_2": "", "address_3": ""}, "model": "company.address", "pk": 388}, {"fields": {"town": "", "post_code": "", "country": null, "county": null, "address_1": "", "address_2": "", "address_3": ""}, "model": "company.address", "pk": 389}, {"fields": {"town": "", "post_code": "", "country": null, "county": null, "address_1": "", "address_2": "", "address_3": ""}, "model": "company.address", "pk": 390}, {"fields": {"town": "", "post_code": "", "country": null, "county": null, "address_1": "", "address_2": "", "address_3": ""}, "model": "company.address", "pk": 391}, {"fields": {"town": "", "post_code": "", "country": null, "county": null, "address_1": "", "address_2": "", "address_3": ""}, "model": "company.address", "pk": 392}, {"fields": {"town": "", "post_code": "", "country": null, "county": null, "address_1": "", "address_2": "", "address_3": ""}, "model": "company.address", "pk": 393}, {"fields": {"town": "", "post_code": "", "country": null, "county": null, "address_1": "", "address_2": "", "address_3": ""}, "model": "company.address", "pk": 394}, {"fields": {"town": "", "post_code": "", "country": null, "county": null, "address_1": "", "address_2": "", "address_3": ""}, "model": "company.address", "pk": 395}, {"fields": {"town": "", "post_code": "", "country": null, "county": null, "address_1": "", "address_2": "", "address_3": ""}, "model": "company.address", "pk": 396}, {"fields": {"town": "", "post_code": "", "country": null, "county": null, "address_1": "", "address_2": "", "address_3": ""}, "model": "company.address", "pk": 397}, {"fields": {"town": "", "post_code": "", "country": null, "county": null, "address_1": "", "address_2": "", "address_3": ""}, "model": "company.address", "pk": 398}, {"fields": {"town": "", "post_code": "", "country": null, "county": null, "address_1": "", "address_2": "", "address_3": ""}, "model": "company.address", "pk": 399}, {"fields": {"town": "", "post_code": "", "country": null, "county": null, "address_1": "", "address_2": "", "address_3": ""}, "model": "company.address", "pk": 400}, {"fields": {"town": "", "post_code": "", "country": null, "county": null, "address_1": "", "address_2": "", "address_3": ""}, "model": "company.address", "pk": 401}, {"fields": {"town": "", "post_code": "", "country": null, "county": null, "address_1": "", "address_2": "", "address_3": ""}, "model": "company.address", "pk": 402}, {"fields": {"town": "", "post_code": "", "country": null, "county": null, "address_1": "", "address_2": "", "address_3": ""}, "model": "company.address", "pk": 403}, {"fields": {"town": "", "post_code": "", "country": null, "county": null, "address_1": "Kensington", "address_2": "", "address_3": ""}, "model": "company.address", "pk": 404}, {"fields": {"town": "", "post_code": "", "country": null, "county": null, "address_1": "Leicester Square", "address_2": "", "address_3": ""}, "model": "company.address", "pk": 405}, {"fields": {"town": "", "post_code": "", "country": null, "county": null, "address_1": "Old Compton", "address_2": "", "address_3": ""}, "model": "company.address", "pk": 406}, {"fields": {"town": "", "post_code": "", "country": null, "county": null, "address_1": "", "address_2": "", "address_3": ""}, "model": "company.address", "pk": 407}, {"fields": {"town": "", "post_code": "", "country": null, "county": null, "address_1": "", "address_2": "", "address_3": ""}, "model": "company.address", "pk": 408}, {"fields": {"town": "", "post_code": "", "country": null, "county": null, "address_1": "", "address_2": "", "address_3": ""}, "model": "company.address", "pk": 409}, {"fields": {"town": "", "post_code": "", "country": null, "county": null, "address_1": "", "address_2": "", "address_3": ""}, "model": "company.address", "pk": 410}, {"fields": {"town": "", "post_code": "", "country": null, "county": null, "address_1": "", "address_2": "", "address_3": ""}, "model": "company.address", "pk": 411}, {"fields": {"town": "", "post_code": "", "country": null, "county": null, "address_1": "", "address_2": "", "address_3": ""}, "model": "company.address", "pk": 412}, {"fields": {"town": "", "post_code": "", "country": null, "county": null, "address_1": "", "address_2": "", "address_3": ""}, "model": "company.address", "pk": 413}, {"fields": {"town": "", "post_code": "", "country": null, "county": null, "address_1": "", "address_2": "", "address_3": ""}, "model": "company.address", "pk": 414}, {"fields": {"town": "", "post_code": "", "country": null, "county": null, "address_1": "", "address_2": "", "address_3": ""}, "model": "company.address", "pk": 415}, {"fields": {"town": "", "post_code": "", "country": null, "county": null, "address_1": "", "address_2": "", "address_3": ""}, "model": "company.address", "pk": 416}, {"fields": {"town": "", "post_code": "", "country": null, "county": null, "address_1": "", "address_2": "", "address_3": ""}, "model": "company.address", "pk": 417}, {"fields": {"town": "", "post_code": "", "country": null, "county": null, "address_1": "", "address_2": "", "address_3": ""}, "model": "company.address", "pk": 418}, {"fields": {"town": "", "post_code": "", "country": null, "county": null, "address_1": "", "address_2": "", "address_3": ""}, "model": "company.address", "pk": 419}, {"fields": {"town": "", "post_code": "", "country": null, "county": null, "address_1": "", "address_2": "", "address_3": ""}, "model": "company.address", "pk": 420}, {"fields": {"town": "", "post_code": "", "country": null, "county": null, "address_1": "", "address_2": "", "address_3": ""}, "model": "company.address", "pk": 421}, {"fields": {"town": "", "post_code": "", "country": null, "county": null, "address_1": "", "address_2": "", "address_3": ""}, "model": "company.address", "pk": 422}, {"fields": {"town": "", "post_code": "", "country": null, "county": null, "address_1": "", "address_2": "", "address_3": ""}, "model": "company.address", "pk": 423}, {"fields": {"town": "", "post_code": "", "country": null, "county": null, "address_1": "", "address_2": "", "address_3": ""}, "model": "company.address", "pk": 424}, {"fields": {"town": "", "post_code": "", "country": null, "county": null, "address_1": "", "address_2": "", "address_3": ""}, "model": "company.address", "pk": 425}, {"fields": {"town": "", "post_code": "", "country": null, "county": null, "address_1": "", "address_2": "", "address_3": ""}, "model": "company.address", "pk": 426}, {"fields": {"town": "", "post_code": "", "country": null, "county": null, "address_1": "", "address_2": "", "address_3": ""}, "model": "company.address", "pk": 427}, {"fields": {"town": "", "post_code": "", "country": null, "county": null, "address_1": "", "address_2": "", "address_3": ""}, "model": "company.address", "pk": 428}, {"fields": {"town": "", "post_code": "", "country": null, "county": null, "address_1": "", "address_2": "", "address_3": ""}, "model": "company.address", "pk": 429}, {"fields": {"town": "", "post_code": "", "country": null, "county": null, "address_1": "", "address_2": "", "address_3": ""}, "model": "company.address", "pk": 430}, {"fields": {"town": "", "post_code": "", "country": null, "county": null, "address_1": "", "address_2": "", "address_3": ""}, "model": "company.address", "pk": 431}, {"fields": {"town": "", "post_code": "", "country": null, "county": null, "address_1": "", "address_2": "", "address_3": ""}, "model": "company.address", "pk": 432}, {"fields": {"town": "", "post_code": "", "country": null, "county": null, "address_1": "", "address_2": "", "address_3": ""}, "model": "company.address", "pk": 433}, {"fields": {"town": "", "post_code": "", "country": null, "county": null, "address_1": "", "address_2": "", "address_3": ""}, "model": "company.address", "pk": 434}, {"fields": {"town": "", "post_code": "", "country": null, "county": null, "address_1": "", "address_2": "", "address_3": ""}, "model": "company.address", "pk": 435}, {"fields": {"town": "", "post_code": "", "country": null, "county": null, "address_1": "", "address_2": "", "address_3": ""}, "model": "company.address", "pk": 436}, {"fields": {"town": "", "post_code": "", "country": null, "county": null, "address_1": "", "address_2": "", "address_3": ""}, "model": "company.address", "pk": 437}, {"fields": {"town": "", "post_code": "", "country": null, "county": null, "address_1": "", "address_2": "", "address_3": ""}, "model": "company.address", "pk": 438}, {"fields": {"town": "", "post_code": "", "country": null, "county": null, "address_1": "", "address_2": "", "address_3": ""}, "model": "company.address", "pk": 439}, {"fields": {"town": "", "post_code": "", "country": null, "county": null, "address_1": "", "address_2": "", "address_3": ""}, "model": "company.address", "pk": 440}, {"fields": {"town": "", "post_code": "", "country": null, "county": null, "address_1": "", "address_2": "", "address_3": ""}, "model": "company.address", "pk": 441}, {"fields": {"town": "", "post_code": "", "country": null, "county": null, "address_1": "", "address_2": "", "address_3": ""}, "model": "company.address", "pk": 442}, {"fields": {"town": "", "post_code": "", "country": null, "county": null, "address_1": "", "address_2": "", "address_3": ""}, "model": "company.address", "pk": 443}, {"fields": {"town": "", "post_code": "", "country": null, "county": null, "address_1": "", "address_2": "", "address_3": ""}, "model": "company.address", "pk": 444}, {"fields": {"town": "", "post_code": "", "country": null, "county": null, "address_1": "", "address_2": "", "address_3": ""}, "model": "company.address", "pk": 445}, {"fields": {"town": "", "post_code": "", "country": null, "county": null, "address_1": "", "address_2": "", "address_3": ""}, "model": "company.address", "pk": 446}, {"fields": {"town": "", "post_code": "", "country": null, "county": null, "address_1": "", "address_2": "", "address_3": ""}, "model": "company.address", "pk": 447}, {"fields": {"town": "", "post_code": "", "country": null, "county": null, "address_1": "", "address_2": "", "address_3": ""}, "model": "company.address", "pk": 448}, {"fields": {"town": "", "post_code": "", "country": null, "county": null, "address_1": "", "address_2": "", "address_3": ""}, "model": "company.address", "pk": 449}, {"fields": {"town": "", "post_code": "", "country": null, "county": null, "address_1": "", "address_2": "", "address_3": ""}, "model": "company.address", "pk": 450}, {"fields": {"town": "", "post_code": "", "country": null, "county": null, "address_1": "", "address_2": "", "address_3": ""}, "model": "company.address", "pk": 451}, {"fields": {"town": "", "post_code": "", "country": null, "county": null, "address_1": "", "address_2": "", "address_3": ""}, "model": "company.address", "pk": 452}, {"fields": {"town": "", "post_code": "", "country": null, "county": null, "address_1": "", "address_2": "", "address_3": ""}, "model": "company.address", "pk": 453}, {"fields": {"town": "", "post_code": "", "country": null, "county": null, "address_1": "", "address_2": "", "address_3": ""}, "model": "company.address", "pk": 454}, {"fields": {"town": "", "post_code": "", "country": null, "county": null, "address_1": "", "address_2": "", "address_3": ""}, "model": "company.address", "pk": 455}, {"fields": {"town": "", "post_code": "", "country": null, "county": null, "address_1": "", "address_2": "", "address_3": ""}, "model": "company.address", "pk": 456}, {"fields": {"town": "", "post_code": "", "country": null, "county": null, "address_1": "", "address_2": "", "address_3": ""}, "model": "company.address", "pk": 457}, {"fields": {"town": "", "post_code": "", "country": null, "county": null, "address_1": "", "address_2": "", "address_3": ""}, "model": "company.address", "pk": 458}, {"fields": {"town": "", "post_code": "", "country": null, "county": null, "address_1": "", "address_2": "", "address_3": ""}, "model": "company.address", "pk": 459}, {"fields": {"town": "", "post_code": "", "country": null, "county": null, "address_1": "", "address_2": "", "address_3": ""}, "model": "company.address", "pk": 460}, {"fields": {"town": "", "post_code": "", "country": null, "county": null, "address_1": "", "address_2": "", "address_3": ""}, "model": "company.address", "pk": 461}, {"fields": {"town": "", "post_code": "", "country": null, "county": null, "address_1": "", "address_2": "", "address_3": ""}, "model": "company.address", "pk": 462}, {"fields": {"town": "", "post_code": "", "country": null, "county": null, "address_1": "", "address_2": "", "address_3": ""}, "model": "company.address", "pk": 463}, {"fields": {"town": "", "post_code": "", "country": null, "county": null, "address_1": "", "address_2": "", "address_3": ""}, "model": "company.address", "pk": 464}, {"fields": {"town": "", "post_code": "", "country": null, "county": null, "address_1": "", "address_2": "", "address_3": ""}, "model": "company.address", "pk": 465}, {"fields": {"town": "", "post_code": "", "country": null, "county": null, "address_1": "", "address_2": "", "address_3": ""}, "model": "company.address", "pk": 466}, {"fields": {"town": "", "post_code": "", "country": null, "county": null, "address_1": "", "address_2": "", "address_3": ""}, "model": "company.address", "pk": 467}, {"fields": {"town": "", "post_code": "", "country": null, "county": null, "address_1": "", "address_2": "", "address_3": ""}, "model": "company.address", "pk": 468}, {"fields": {"town": "", "post_code": "", "country": null, "county": null, "address_1": "", "address_2": "", "address_3": ""}, "model": "company.address", "pk": 469}, {"fields": {"town": "", "post_code": "", "country": null, "county": null, "address_1": "", "address_2": "", "address_3": ""}, "model": "company.address", "pk": 470}, {"fields": {"town": "", "post_code": "", "country": null, "county": null, "address_1": "", "address_2": "", "address_3": ""}, "model": "company.address", "pk": 471}, {"fields": {"town": "", "post_code": "", "country": null, "county": null, "address_1": "", "address_2": "", "address_3": ""}, "model": "company.address", "pk": 472}, {"fields": {"town": "", "post_code": "", "country": null, "county": null, "address_1": "", "address_2": "", "address_3": ""}, "model": "company.address", "pk": 473}, {"fields": {"town": "", "post_code": "", "country": null, "county": null, "address_1": "Gloucester Road", "address_2": "", "address_3": ""}, "model": "company.address", "pk": 474}, {"fields": {"town": "", "post_code": "", "country": null, "county": null, "address_1": "", "address_2": "", "address_3": ""}, "model": "company.address", "pk": 475}, {"fields": {"town": "", "post_code": "", "country": null, "county": null, "address_1": "", "address_2": "", "address_3": ""}, "model": "company.address", "pk": 476}, {"fields": {"name": "OJ Fresh"}, "model": "company.company", "pk": 265}, {"fields": {"name": "Abba Queens Gate Hotel"}, "model": "company.company", "pk": 267}, {"fields": {"name": "Abel & Cole - Mr Whitehead"}, "model": "company.company", "pk": 269}, {"fields": {"name": "Absolute Taste"}, "model": "company.company", "pk": 271}, {"fields": {"name": "Advanced Microwave Technologies"}, "model": "company.company", "pk": 274}, {"fields": {"name": "Alcampo"}, "model": "company.company", "pk": 276}, {"fields": {"name": "Alto Lounge"}, "model": "company.company", "pk": 278}, {"fields": {"name": "Aramark Ltd"}, "model": "company.company", "pk": 280}, {"fields": {"name": "Arcado"}, "model": "company.company", "pk": 282}, {"fields": {"name": "Arco Lounge"}, "model": "company.company", "pk": 284}, {"fields": {"name": "Argo"}, "model": "company.company", "pk": 286}, {"fields": {"name": "Bacco"}, "model": "company.company", "pk": 288}, {"fields": {"name": "Bakery Covent Garden"}, "model": "company.company", "pk": 290}, {"fields": {"name": "Balthazar"}, "model": "company.company", "pk": 292}, {"fields": {"name": "Banco "}, "model": "company.company", "pk": 294}, {"fields": {"name": "Bathurst Deli"}, "model": "company.company", "pk": 296}, {"fields": {"name": "Bonzo"}, "model": "company.company", "pk": 298}, {"fields": {"name": "Bosco"}, "model": "company.company", "pk": 300}, {"fields": {"name": "Bourne Valley Garden Centre"}, "model": "company.company", "pk": 302}, {"fields": {"name": "Brasco"}, "model": "company.company", "pk": 304}, {"fields": {"name": "Cafe Bijou"}, "model": "company.company", "pk": 306}, {"fields": {"name": "Cafe L'Lino"}, "model": "company.company", "pk": 308}, {"fields": {"name": "Cambio"}, "model": "company.company", "pk": 310}, {"fields": {"name": "Circo"}, "model": "company.company", "pk": 312}, {"fields": {"name": "Como"}, "model": "company.company", "pk": 314}, {"fields": {"name": "Comptoir Gourmand"}, "model": "company.company", "pk": 316}, {"fields": {"name": "Connaught Hotel"}, "model": "company.company", "pk": 318}, {"fields": {"name": "Conto"}, "model": "company.company", "pk": 320}, {"fields": {"name": "Cosy Club"}, "model": "company.company", "pk": 322}, {"fields": {"name": "Cowdray Farm Shop"}, "model": "company.company", "pk": 331}, {"fields": {"name": "Cultivo"}, "model": "company.company", "pk": 333}, {"fields": {"name": "Curio"}, "model": "company.company", "pk": 335}, {"fields": {"name": "Dancing Grove"}, "model": "company.company", "pk": 337}, {"fields": {"name": "Deco "}, "model": "company.company", "pk": 339}, {"fields": {"name": "Desco"}, "model": "company.company", "pk": 341}, {"fields": {"name": "Dukes Meadows"}, "model": "company.company", "pk": 343}, {"fields": {"name": "Expo"}, "model": "company.company", "pk": 345}, {"fields": {"name": "Fino "}, "model": "company.company", "pk": 347}, {"fields": {"name": "Florentine"}, "model": "company.company", "pk": 349}, {"fields": {"name": "Go Falafel"}, "model": "company.company", "pk": 351}, {"fields": {"name": "Go Grill"}, "model": "company.company", "pk": 353}, {"fields": {"name": "Goldbrick House"}, "model": "company.company", "pk": 355}, {"fields": {"name": "Grupo"}, "model": "company.company", "pk": 357}, {"fields": {"name": "Hoxton Pastry Union"}, "model": "company.company", "pk": 359}, {"fields": {"name": "Il Chico"}, "model": "company.company", "pk": 361}, {"fields": {"name": "Impero"}, "model": "company.company", "pk": 363}, {"fields": {"name": "Juno "}, "model": "company.company", "pk": 365}, {"fields": {"name": "Kino"}, "model": "company.company", "pk": 367}, {"fields": {"name": "Kwadaa Foods"}, "model": "company.company", "pk": 369}, {"fields": {"name": "La Maison Du Gateau"}, "model": "company.company", "pk": 371}, {"fields": {"name": "Loco"}, "model": "company.company", "pk": 373}, {"fields": {"name": "Lounge"}, "model": "company.company", "pk": 375}, {"fields": {"name": "Loungers HO"}, "model": "company.company", "pk": 377}, {"fields": {"name": "Ludo"}, "model": "company.company", "pk": 379}, {"fields": {"name": "Marino"}, "model": "company.company", "pk": 381}, {"fields": {"name": "Maritimo"}, "model": "company.company", "pk": 383}, {"fields": {"name": "Mayfair Breakfast"}, "model": "company.company", "pk": 385}, {"fields": {"name": "Mentmore Golf Club"}, "model": "company.company", "pk": 387}, {"fields": {"name": "Mercado"}, "model": "company.company", "pk": 389}, {"fields": {"name": "Milk"}, "model": "company.company", "pk": 391}, {"fields": {"name": "Milo"}, "model": "company.company", "pk": 393}, {"fields": {"name": "Mirabell Cafe"}, "model": "company.company", "pk": 395}, {"fields": {"name": "Mitsui Sumtimo"}, "model": "company.company", "pk": 397}, {"fields": {"name": "Modelo"}, "model": "company.company", "pk": 399}, {"fields": {"name": "Moments"}, "model": "company.company", "pk": 401}, {"fields": {"name": "Muriels Kitchen"}, "model": "company.company", "pk": 403}, {"fields": {"name": "Natural Choices"}, "model": "company.company", "pk": 407}, {"fields": {"name": "Ocho "}, "model": "company.company", "pk": 409}, {"fields": {"name": "Otto"}, "model": "company.company", "pk": 411}, {"fields": {"name": "Parrott Inn"}, "model": "company.company", "pk": 413}, {"fields": {"name": "Peabodys Coffee Limited - The Greenhouse"}, "model": "company.company", "pk": 415}, {"fields": {"name": "Pico"}, "model": "company.company", "pk": 417}, {"fields": {"name": "Pinto"}, "model": "company.company", "pk": 419}, {"fields": {"name": "Polo Bar"}, "model": "company.company", "pk": 421}, {"fields": {"name": "Portivo"}, "model": "company.company", "pk": 423}, {"fields": {"name": "Porto "}, "model": "company.company", "pk": 425}, {"fields": {"name": "Queenspark Deli"}, "model": "company.company", "pk": 427}, {"fields": {"name": "Quinto"}, "model": "company.company", "pk": 429}, {"fields": {"name": "Rest Assoc - Willis Group"}, "model": "company.company", "pk": 431}, {"fields": {"name": "Rivo"}, "model": "company.company", "pk": 433}, {"fields": {"name": "Royal Blue"}, "model": "company.company", "pk": 435}, {"fields": {"name": "Santo Lounge"}, "model": "company.company", "pk": 437}, {"fields": {"name": "Seco Lounge"}, "model": "company.company", "pk": 439}, {"fields": {"name": "Storange "}, "model": "company.company", "pk": 441}, {"fields": {"name": "The Basement"}, "model": "company.company", "pk": 443}, {"fields": {"name": "The Battleaxes"}, "model": "company.company", "pk": 445}, {"fields": {"name": "The Berkeley Hotel"}, "model": "company.company", "pk": 447}, {"fields": {"name": "The Castle Inn"}, "model": "company.company", "pk": 449}, {"fields": {"name": "The Lodge"}, "model": "company.company", "pk": 451}, {"fields": {"name": "Tinto "}, "model": "company.company", "pk": 453}, {"fields": {"name": "Trago Lounge"}, "model": "company.company", "pk": 455}, {"fields": {"name": "Truro"}, "model": "company.company", "pk": 457}, {"fields": {"name": "Valerosso"}, "model": "company.company", "pk": 459}, {"fields": {"name": "Velo "}, "model": "company.company", "pk": 461}, {"fields": {"name": "Verano"}, "model": "company.company", "pk": 463}, {"fields": {"name": "Verdo"}, "model": "company.company", "pk": 465}, {"fields": {"name": "Visto"}, "model": "company.company", "pk": 467}, {"fields": {"name": "Vivo"}, "model": "company.company", "pk": 469}, {"fields": {"name": "Waterstones"}, "model": "company.company", "pk": 471}, {"fields": {"name": "Zacks Deli"}, "model": "company.company", "pk": 473}, {"fields": {"name": "Zest Putney"}, "model": "company.company", "pk": 475}, {"fields": {"company": 265}, "model": "company.site", "pk": 266}, {"fields": {"company": 267}, "model": "company.site", "pk": 268}, {"fields": {"company": 269}, "model": "company.site", "pk": 270}, {"fields": {"company": 271}, "model": "company.site", "pk": 272}, {"fields": {"company": 271}, "model": "company.site", "pk": 273}, {"fields": {"company": 274}, "model": "company.site", "pk": 275}, {"fields": {"company": 276}, "model": "company.site", "pk": 277}, {"fields": {"company": 278}, "model": "company.site", "pk": 279}, {"fields": {"company": 280}, "model": "company.site", "pk": 281}, {"fields": {"company": 282}, "model": "company.site", "pk": 283}, {"fields": {"company": 284}, "model": "company.site", "pk": 285}, {"fields": {"company": 286}, "model": "company.site", "pk": 287}, {"fields": {"company": 288}, "model": "company.site", "pk": 289}, {"fields": {"company": 290}, "model": "company.site", "pk": 291}, {"fields": {"company": 292}, "model": "company.site", "pk": 293}, {"fields": {"company": 294}, "model": "company.site", "pk": 295}, {"fields": {"company": 296}, "model": "company.site", "pk": 297}, {"fields": {"company": 298}, "model": "company.site", "pk": 299}, {"fields": {"company": 300}, "model": "company.site", "pk": 301}, {"fields": {"company": 302}, "model": "company.site", "pk": 303}, {"fields": {"company": 304}, "model": "company.site", "pk": 305}, {"fields": {"company": 306}, "model": "company.site", "pk": 307}, {"fields": {"company": 308}, "model": "company.site", "pk": 309}, {"fields": {"company": 310}, "model": "company.site", "pk": 311}, {"fields": {"company": 312}, "model": "company.site", "pk": 313}, {"fields": {"company": 314}, "model": "company.site", "pk": 315}, {"fields": {"company": 316}, "model": "company.site", "pk": 317}, {"fields": {"company": 318}, "model": "company.site", "pk": 319}, {"fields": {"company": 320}, "model": "company.site", "pk": 321}, {"fields": {"company": 322}, "model": "company.site", "pk": 323}, {"fields": {"company": 322}, "model": "company.site", "pk": 324}, {"fields": {"company": 322}, "model": "company.site", "pk": 325}, {"fields": {"company": 322}, "model": "company.site", "pk": 326}, {"fields": {"company": 322}, "model": "company.site", "pk": 327}, {"fields": {"company": 322}, "model": "company.site", "pk": 328}, {"fields": {"company": 322}, "model": "company.site", "pk": 329}, {"fields": {"company": 322}, "model": "company.site", "pk": 330}, {"fields": {"company": 331}, "model": "company.site", "pk": 332}, {"fields": {"company": 333}, "model": "company.site", "pk": 334}, {"fields": {"company": 335}, "model": "company.site", "pk": 336}, {"fields": {"company": 337}, "model": "company.site", "pk": 338}, {"fields": {"company": 339}, "model": "company.site", "pk": 340}, {"fields": {"company": 341}, "model": "company.site", "pk": 342}, {"fields": {"company": 343}, "model": "company.site", "pk": 344}, {"fields": {"company": 345}, "model": "company.site", "pk": 346}, {"fields": {"company": 347}, "model": "company.site", "pk": 348}, {"fields": {"company": 349}, "model": "company.site", "pk": 350}, {"fields": {"company": 351}, "model": "company.site", "pk": 352}, {"fields": {"company": 353}, "model": "company.site", "pk": 354}, {"fields": {"company": 355}, "model": "company.site", "pk": 356}, {"fields": {"company": 357}, "model": "company.site", "pk": 358}, {"fields": {"company": 359}, "model": "company.site", "pk": 360}, {"fields": {"company": 361}, "model": "company.site", "pk": 362}, {"fields": {"company": 363}, "model": "company.site", "pk": 364}, {"fields": {"company": 365}, "model": "company.site", "pk": 366}, {"fields": {"company": 367}, "model": "company.site", "pk": 368}, {"fields": {"company": 369}, "model": "company.site", "pk": 370}, {"fields": {"company": 371}, "model": "company.site", "pk": 372}, {"fields": {"company": 373}, "model": "company.site", "pk": 374}, {"fields": {"company": 375}, "model": "company.site", "pk": 376}, {"fields": {"company": 377}, "model": "company.site", "pk": 378}, {"fields": {"company": 379}, "model": "company.site", "pk": 380}, {"fields": {"company": 381}, "model": "company.site", "pk": 382}, {"fields": {"company": 383}, "model": "company.site", "pk": 384}, {"fields": {"company": 385}, "model": "company.site", "pk": 386}, {"fields": {"company": 387}, "model": "company.site", "pk": 388}, {"fields": {"company": 389}, "model": "company.site", "pk": 390}, {"fields": {"company": 391}, "model": "company.site", "pk": 392}, {"fields": {"company": 393}, "model": "company.site", "pk": 394}, {"fields": {"company": 395}, "model": "company.site", "pk": 396}, {"fields": {"company": 397}, "model": "company.site", "pk": 398}, {"fields": {"company": 399}, "model": "company.site", "pk": 400}, {"fields": {"company": 401}, "model": "company.site", "pk": 402}, {"fields": {"company": 403}, "model": "company.site", "pk": 404}, {"fields": {"company": 403}, "model": "company.site", "pk": 405}, {"fields": {"company": 403}, "model": "company.site", "pk": 406}, {"fields": {"company": 407}, "model": "company.site", "pk": 408}, {"fields": {"company": 409}, "model": "company.site", "pk": 410}, {"fields": {"company": 411}, "model": "company.site", "pk": 412}, {"fields": {"company": 413}, "model": "company.site", "pk": 414}, {"fields": {"company": 415}, "model": "company.site", "pk": 416}, {"fields": {"company": 417}, "model": "company.site", "pk": 418}, {"fields": {"company": 419}, "model": "company.site", "pk": 420}, {"fields": {"company": 421}, "model": "company.site", "pk": 422}, {"fields": {"company": 423}, "model": "company.site", "pk": 424}, {"fields": {"company": 425}, "model": "company.site", "pk": 426}, {"fields": {"company": 427}, "model": "company.site", "pk": 428}, {"fields": {"company": 429}, "model": "company.site", "pk": 430}, {"fields": {"company": 431}, "model": "company.site", "pk": 432}, {"fields": {"company": 433}, "model": "company.site", "pk": 434}, {"fields": {"company": 435}, "model": "company.site", "pk": 436}, {"fields": {"company": 437}, "model": "company.site", "pk": 438}, {"fields": {"company": 439}, "model": "company.site", "pk": 440}, {"fields": {"company": 441}, "model": "company.site", "pk": 442}, {"fields": {"company": 443}, "model": "company.site", "pk": 444}, {"fields": {"company": 445}, "model": "company.site", "pk": 446}, {"fields": {"company": 447}, "model": "company.site", "pk": 448}, {"fields": {"company": 449}, "model": "company.site", "pk": 450}, {"fields": {"company": 451}, "model": "company.site", "pk": 452}, {"fields": {"company": 453}, "model": "company.site", "pk": 454}, {"fields": {"company": 455}, "model": "company.site", "pk": 456}, {"fields": {"company": 457}, "model": "company.site", "pk": 458}, {"fields": {"company": 459}, "model": "company.site", "pk": 460}, {"fields": {"company": 461}, "model": "company.site", "pk": 462}, {"fields": {"company": 463}, "model": "company.site", "pk": 464}, {"fields": {"company": 465}, "model": "company.site", "pk": 466}, {"fields": {"company": 467}, "model": "company.site", "pk": 468}, {"fields": {"company": 469}, "model": "company.site", "pk": 470}, {"fields": {"company": 471}, "model": "company.site", "pk": 472}, {"fields": {"company": 473}, "model": "company.site", "pk": 474}, {"fields": {"company": 475}, "model": "company.site", "pk": 476}]